;addr_build;addr_lat;addr_lng;addr_metro;addr_street;city;employer_name;employer_url;employer_url_vacancy;vac_money_cur;vac_money_from;vac_money_to;vac_name
0;44;59.98994;30.318815;;Сердобольская улица;Санкт-Петербург;Lenvendo;https://api.hh.ru/employers/1227460;https://hh.ru/vacancy/28285474;RUR;85000.0;140000.0;PHP-developer/PHP-программист (Bitrix)
1;47;59.899496;30.289826;Нарвская;улица Маршала Говорова;Санкт-Петербург;Страховое агентство ТО78 (ИП Кабацкая Евгения Петровна );https://api.hh.ru/employers/2659584;https://hh.ru/vacancy/28386562;RUR;70000.0;;PHP-программист
2;;;;Выборгская;;Санкт-Петербург;Водопад;https://api.hh.ru/employers/239741;https://hh.ru/vacancy/28255203;RUR;110000.0;110000.0;PHP-программист
3;;;;Удельная;;Санкт-Петербург;7zap;https://api.hh.ru/employers/2623291;https://hh.ru/vacancy/28541071;RUR;70000.0;;Программист PHP
4;70;59.970668;30.45641;Ладожская;Индустриальный проспект;Санкт-Петербург;Mad Wave;https://api.hh.ru/employers/596288;https://hh.ru/vacancy/28327352;RUR;70000.0;110000.0;Программист PHP/PHP Developer
5;108Р;59.932491;30.358125;Площадь Восстания;Невский проспект;Санкт-Петербург;Mygento eCommerce Solutions;https://api.hh.ru/employers/1643357;https://hh.ru/vacancy/26400421;RUR;100000.0;150000.0;Senior PHP-программист
6;22;59.935561;30.413614;Новочеркасская;Красногвардейский район, Республиканская улица;Санкт-Петербург;Стоммаркет;https://api.hh.ru/employers/1941392;https://hh.ru/vacancy/28085112;RUR;100000.0;;Php-программист(full-stack)
7;26;60.005859;30.358736;;улица Шателена;Санкт-Петербург;Топ Трейд;https://api.hh.ru/employers/1922721;https://hh.ru/vacancy/28088940;RUR;;150000.0;PHP-developer/PHP-разработчик (Bitrix)
8;25А;59.885747;30.329531;Электросила;Цветочная улица;Санкт-Петербург;Densure;https://api.hh.ru/employers/3026046;https://hh.ru/vacancy/28323074;RUR;70000.0;;PHP-программист
9;;;;;;Санкт-Петербург;Фотосклад.ру;https://api.hh.ru/employers/811315;https://hh.ru/vacancy/28022281;RUR;80000.0;130000.0;Программист PHP Bitrix
10;;;;;;Санкт-Петербург;SmartLeads;https://api.hh.ru/employers/1735867;https://hh.ru/vacancy/28378173;RUR;80000.0;;Веб-разработчик (PHP-программист)
11;26;59.941651;30.349474;Чернышевская;Литейный проспект;Санкт-Петербург;Информационно-аналитический портал CREMAP.PRO;https://api.hh.ru/employers/1649588;https://hh.ru/vacancy/28058151;RUR;85000.0;;PHP-программист
12;12;59.942994;30.323486;Невский проспект;Миллионная улица;Санкт-Петербург;Фабрика Успеха;https://api.hh.ru/employers/779168;https://hh.ru/vacancy/28364880;RUR;100000.0;130000.0;PHP-программист
13;;;;Чкаловская;;Санкт-Петербург;ЭДГОУ;https://api.hh.ru/employers/1840251;https://hh.ru/vacancy/28395195;RUR;70000.0;150000.0;PHP - Developer
14;;;;Василеостровская;;Санкт-Петербург;Restoclub.ru;https://api.hh.ru/employers/835377;https://hh.ru/vacancy/28392526;RUR;90000.0;110000.0;PHP developer
15;;;;;;Санкт-Петербург;i'way;https://api.hh.ru/employers/897905;https://hh.ru/vacancy/28454406;RUR;70000.0;80000.0;PHP разработчик / Middle PHP-developer
16;10;59.979115;30.357649;Лесная;Литовская улица;Санкт-Петербург;НАГ;https://api.hh.ru/employers/54732;https://hh.ru/vacancy/28380657;RUR;40000.0;90000.0;PHP Backend-разработчик
17;4к1;59.939181;30.415276;Площадь Александра Невского 1;проспект Шаумяна;Санкт-Петербург;viomedia;https://api.hh.ru/employers/941620;https://hh.ru/vacancy/28054820;RUR;40000.0;80000.0;Junior/Middle backend developer (PHP разработчик)
18;метро Петроградская;59.966502;30.311439;Петроградская;2 линия;Санкт-Петербург;Кошелек.Ру;https://api.hh.ru/employers/1428791;https://hh.ru/vacancy/27999058;RUR;;100000.0;PHP Developer
19;;;;;;Санкт-Петербург;Ньютон Технологии;https://api.hh.ru/employers/2404589;https://hh.ru/vacancy/28395408;RUR;180000.0;;PHP Senior Backend developer
20;;59.972843;30.315751;Петроградская;проспект Медиков;Санкт-Петербург;Андреева Елена Валерьевна;https://api.hh.ru/employers/2812717;https://hh.ru/vacancy/28260782;RUR;70000.0;90000.0;PHP-разработчик
21;61к2;59.973176;30.340464;Выборгская;Большой Сампсониевский проспект;Санкт-Петербург;NeuroCRM;https://api.hh.ru/employers/3001793;https://hh.ru/vacancy/28112653;RUR;80000.0;180000.0;JavaScript / JS разработчик / PHP программист / Middle
22;;;;Сенная площадь;;Санкт-Петербург;БилдСейф Тек;https://api.hh.ru/employers/2834514;https://hh.ru/vacancy/28484029;RUR;120000.0;160000.0;Full-stack разработчик (React+TypeScript, PHP)
23;13З;59.967381;30.287176;Чкаловская;Левашовский проспект;Санкт-Петербург;404 Group;https://api.hh.ru/employers/1085814;https://hh.ru/vacancy/28267888;RUR;100000.0;;Middle / Senior PHP Developer
24;108Р;59.932491;30.358125;Площадь Восстания;Невский проспект;Санкт-Петербург;Mygento eCommerce Solutions;https://api.hh.ru/employers/1643357;https://hh.ru/vacancy/28524594;RUR;65000.0;100000.0;PHP-разработчик
25;;;;Петроградская;;Санкт-Петербург;B2Broker;https://api.hh.ru/employers/2234168;https://hh.ru/vacancy/28221923;RUR;140000.0;200000.0;Senior PHP developer
26;18;59.934231;30.31029;Адмиралтейская;Малая Морская улица;Санкт-Петербург;Рекон Групп;https://api.hh.ru/employers/1707144;https://hh.ru/vacancy/27884897;RUR;150000.0;;Senior PHP Developer
27;;;;Балтийская;;Санкт-Петербург;Вибум;https://api.hh.ru/employers/1039616;https://hh.ru/vacancy/28492309;RUR;80000.0;;PHP-разработчик
28;;0.0;0.0;;;Санкт-Петербург;Кибернетика;https://api.hh.ru/employers/1137522;https://hh.ru/vacancy/28159189;RUR;100000.0;;PHP-разработчик
29;;;;;;Санкт-Петербург;4xxi;https://api.hh.ru/employers/1536449;https://hh.ru/vacancy/28278289;RUR;80000.0;130000.0;PHP-разработчик (middle+)
30;71к2;59.933663;30.439;Ладожская;Заневский проспект;Санкт-Петербург;Foach;https://api.hh.ru/employers/2727108;https://hh.ru/vacancy/28165131;RUR;60000.0;80000.0;PHP-программист (Middle)
31;;;;Петроградская;;Санкт-Петербург;B2Broker;https://api.hh.ru/employers/2234168;https://hh.ru/vacancy/28516615;RUR;70000.0;130000.0;Middle PHP developer (Yii/Laravel)
32;51;59.923428;30.350121;;улица Марата;Санкт-Петербург;Fmedia;https://api.hh.ru/employers/2627417;https://hh.ru/vacancy/27856234;RUR;100000.0;150000.0;Senior\Middle PHP-разр‎аботчик (Yii framework)
33;67;59.931206;30.353777;Маяковская;Невский проспект;Санкт-Петербург;Bnovo;https://api.hh.ru/employers/1222051;https://hh.ru/vacancy/28236808;RUR;80000.0;;Старший PHP-разработчик
34;1;59.959251;30.311583;Горьковская;улица Кропоткина;Санкт-Петербург;MediaTech;https://api.hh.ru/employers/115009;https://hh.ru/vacancy/27793407;RUR;150000.0;200000.0;Senior Fullstack Developer (Golang, PHP, JavaScript, PostgreSQL)
35;;;;Нарвская;;Санкт-Петербург;VisitWeb;https://api.hh.ru/employers/1310958;https://hh.ru/vacancy/28132677;RUR;80000.0;100000.0;PHP/JS-разработчик
36;18;59.934231;30.31029;Адмиралтейская;Малая Морская улица;Санкт-Петербург;Рекон Групп;https://api.hh.ru/employers/1707144;https://hh.ru/vacancy/27757550;RUR;100000.0;;Middle PHP Developer
37;;;;;;Санкт-Петербург;Taxify;https://api.hh.ru/employers/2488261;https://hh.ru/vacancy/28096885;EUR;4200.0;;Node.js / C++ / Java / C# / PHP Engineer/Backend (Tallinn, Estonia)
38;37;56.958218;24.114573;;улица Дзирнаву;Санкт-Петербург;Torooo Gaming;https://api.hh.ru/employers/3112324;https://hh.ru/vacancy/28262939;EUR;2500.0;;PHP-разработчик (Рига/Латвия)
39;30;59.935399;30.32787;Невский проспект;Невский проспект;Санкт-Петербург;Путевка!;https://api.hh.ru/employers/890176;https://hh.ru/vacancy/28249554;RUR;80000.0;;PHP-разработчик, программист
40;12;59.903002;30.398181;;улица Седова;Санкт-Петербург;GrowFood;https://api.hh.ru/employers/2104558;https://hh.ru/vacancy/27060177;RUR;100000.0;;Fullstack PHP developer
41;;;;;;Санкт-Петербург;Мирафокс;https://api.hh.ru/employers/1207711;https://hh.ru/vacancy/27986477;RUR;130000.0;180000.0;Веб-программист
42;24/27;59.938396;30.36011;;улица Восстания;Санкт-Петербург;Топал Богдан Анатольевич;https://api.hh.ru/employers/3660220;https://hh.ru/vacancy/28196883;RUR;100000.0;150000.0;Full-stack developer
43;24/27;59.938396;30.36011;;улица Восстания;Санкт-Петербург;Топал Богдан Анатольевич;https://api.hh.ru/employers/3660220;https://hh.ru/vacancy/28196883;RUR;100000.0;150000.0;Full-stack developer
44;;;;;;Санкт-Петербург;Skyeng;https://api.hh.ru/employers/1122462;https://hh.ru/vacancy/28294814;RUR;130000.0;;Senior Full Stack Developer (PHP, Angular)
45;13А;59.966507;30.375022;;Минеральная улица;Санкт-Петербург;Наша Сеть;https://api.hh.ru/employers/2051303;https://hh.ru/vacancy/28533841;RUR;100000.0;;Разработчик Битрикс (Bitrix) PHP
46;3;59.969232;30.316281;Петроградская;проспект Медиков;Санкт-Петербург;HR-PROFI;https://api.hh.ru/employers/1883675;https://hh.ru/vacancy/28228076;RUR;60000.0;80000.0;Программист full stack php
47;8;59.891146;30.325094;Московские ворота;улица Коли Томчака;Санкт-Петербург;Ритейл Навигатор;https://api.hh.ru/employers/622927;https://hh.ru/vacancy/24103466;RUR;;120000.0;PHP разработчик Backend
48;6к8;59.884302;30.38935;;Софийская улица;Санкт-Петербург;ГаражТулс;https://api.hh.ru/employers/564657;https://hh.ru/vacancy/27730644;RUR;130000.0;130000.0;Разработчик PHP/Back-end
49;2;59.922724;30.441875;Проспект Большевиков;улица Ворошилова;Санкт-Петербург;М-Компани;https://api.hh.ru/employers/1955375;https://hh.ru/vacancy/28547759;RUR;50000.0;80000.0;PHP-разработчик
50;41;59.955539;30.354532;Площадь Ленина;Калининский район, улица Комсомола;Санкт-Петербург;Киноафиша инфо;https://api.hh.ru/employers/2166650;https://hh.ru/vacancy/28547933;RUR;;100000.0;PHP Программист / Back-end разработчик
51;91;59.895493;30.318069;;Московский проспект;Санкт-Петербург;JobHelp;https://api.hh.ru/employers/1894985;https://hh.ru/vacancy/27142899;RUR;120000.0;;PHP-Developer
52;;;;;;Санкт-Петербург;i'way;https://api.hh.ru/employers/897905;https://hh.ru/vacancy/28454410;RUR;60000.0;85000.0;Web-программист (frontend-разработчик)
53;6к4;60.0084717672;30.3575241349;Политехническая;улица Курчатова;Санкт-Петербург;AiRNET;https://api.hh.ru/employers/679216;https://hh.ru/vacancy/27644171;RUR;;120000.0;PHP-программист
54;13;59.953137;30.262679;Василеостровская;Уральская улица;Санкт-Петербург;Unicum;https://api.hh.ru/employers/145101;https://hh.ru/vacancy/28429953;RUR;;90000.0;PHP-программист
55;;;;;;Санкт-Петербург;Skyeng;https://api.hh.ru/employers/1122462;https://hh.ru/vacancy/27000285;RUR;130000.0;;Senior backend developer (PHP)
56;;;;;;Санкт-Петербург;Карвиль;https://api.hh.ru/employers/2638816;https://hh.ru/vacancy/28556131;RUR;50000.0;80000.0;Веб-разработчик
57;3Б;59.974099;30.325247;Петроградская;Инструментальная улица;Санкт-Петербург;RA-Studio;https://api.hh.ru/employers/1716853;https://hh.ru/vacancy/28396778;RUR;45000.0;85000.0;Back-end разработчик
58;5;59.959102;30.314628;;Петроградский район, улица Мира;Санкт-Петербург;Topface;https://api.hh.ru/employers/575017;https://hh.ru/vacancy/27379478;RUR;100000.0;;Full Stack Developer / Разработчик (Python)
59;;;;;;Санкт-Петербург;Фотосклад.ру;https://api.hh.ru/employers/811315;https://hh.ru/vacancy/28538156;RUR;70000.0;100000.0;Разработчик WordPress full stack
60;61к1;59.9847489884;30.3428265297;Лесная;Лесной проспект;Санкт-Петербург;amazingcat LLC;https://api.hh.ru/employers/1946378;https://hh.ru/vacancy/28440483;RUR;20000.0;180000.0;Web-программист
61;18к3;59.960278;30.333107;Горьковская;Петроградская набережная;Санкт-Петербург;Колибри;https://api.hh.ru/employers/1592241;https://hh.ru/vacancy/28105339;RUR;80000.0;110000.0;Web-разработчик Yii2 (возможна удаленная работа)
62;266;59.893349;30.327402;Московские ворота;Лиговский проспект;Санкт-Петербург;АКМЭ сервис;https://api.hh.ru/employers/157761;https://hh.ru/vacancy/27327571;RUR;;130000.0;PHP developer
63;;;;;;Санкт-Петербург;Skyeng;https://api.hh.ru/employers/1122462;https://hh.ru/vacancy/28294340;RUR;130000.0;;Senior backend developer PHP (Marketing)
64;;;;;;Санкт-Петербург;Простое решение;https://api.hh.ru/employers/3121328;https://hh.ru/vacancy/26647750;RUR;;100000.0;PHP-разработчик
65;;;;;;Санкт-Петербург;Простое решение;https://api.hh.ru/employers/3121328;https://hh.ru/vacancy/26647750;RUR;;100000.0;PHP-разработчик
66;35к1;60.007609;30.341048;Пионерская;улица Орбели;Санкт-Петербург;MAJOR, Автомобильный холдинг;https://api.hh.ru/employers/63724;https://hh.ru/vacancy/28180132;RUR;80000.0;120000.0;PHP разработчик
67;9;59.9653491265;30.3156471693;Петроградская;улица Льва Толстого;Санкт-Петербург;Вайт Код;https://api.hh.ru/employers/1519234;https://hh.ru/vacancy/28341518;RUR;200000.0;;Web Developer Python (Highload)
68;14;59.922625;30.34306;Владимирская;Центральный район, Социалистическая улица;Санкт-Петербург;Метрис;https://api.hh.ru/employers/2616307;https://hh.ru/vacancy/28342449;RUR;70000.0;100000.0;Программист Битрикс
69;5;59.929921;30.313506;Садовая;переулок Гривцова;Санкт-Петербург;Российский аукционный дом;https://api.hh.ru/employers/900282;https://hh.ru/vacancy/28450425;RUR;80000.0;;Back-end разработчик
70;;;;Чкаловская;;Санкт-Петербург;FBS Inc.;https://api.hh.ru/employers/681575;https://hh.ru/vacancy/26109334;RUR;160000.0;;PHP-разработчик (Senior)
71;;;;Василеостровская;;Санкт-Петербург;КВАДРА;https://api.hh.ru/employers/2260279;https://hh.ru/vacancy/28133357;RUR;;180000.0;Технический лидер (techlead, техлид) PHP и Python
72;126;59.987407;30.204342;Старая Деревня;улица Савушкина;Санкт-Петербург;Anchous Drive (ИП Литвина Анна Юрьевна);https://api.hh.ru/employers/3239351;https://hh.ru/vacancy/28551843;RUR;150000.0;250000.0;Frontend React/Redux разработчик в блокчейн проект в Питере
73;50;59.984742481;30.2608443915;Старая Деревня;Дибуновская улица;Санкт-Петербург;Веб Гармония;https://api.hh.ru/employers/1015081;https://hh.ru/vacancy/28399124;RUR;65000.0;100000.0;Программист 1С-Битрикс
74;;;;Елизаровская;;Санкт-Петербург;Элиот;https://api.hh.ru/employers/3702223;https://hh.ru/vacancy/28272647;RUR;50000.0;80000.0;Frontend-разработчик
75;23Д;59.97233;30.311403;Петроградская;улица Профессора Попова;Санкт-Петербург;Click;https://api.hh.ru/employers/2053040;https://hh.ru/vacancy/23658234;RUR;140000.0;170000.0;Senior PHP backend developer / Старший РНР Бэкенд разработчик
76;71к2литА;59.933663;30.439;Ладожская;Заневский проспект;Санкт-Петербург;Internet Media Gid;https://api.hh.ru/employers/2716772;https://hh.ru/vacancy/28079626;RUR;80000.0;130000.0;Backend PHP developer
77;;;;;;Санкт-Петербург;Ньютон Технологии;https://api.hh.ru/employers/2404589;https://hh.ru/vacancy/28395133;RUR;180000.0;;Java Senior Developer
78;12;59.903002;30.398181;;улица Седова;Санкт-Петербург;GrowFood;https://api.hh.ru/employers/2104558;https://hh.ru/vacancy/28161817;RUR;140000.0;;Senior PHP developer
79;;;;Петроградская;;Санкт-Петербург;Докторслон.ру;https://api.hh.ru/employers/1065781;https://hh.ru/vacancy/28424595;RUR;170000.0;;Технический директор (CTO в e-commerse) PHP
80;266В;59.893394;30.327124;Московские ворота;Лиговский проспект;Санкт-Петербург;БелВиДжи;https://api.hh.ru/employers/1971568;https://hh.ru/vacancy/28469354;RUR;60000.0;115000.0;Веб-разработчик
81;;;;Чкаловская;;Санкт-Петербург;FBS Inc.;https://api.hh.ru/employers/681575;https://hh.ru/vacancy/22538308;RUR;110000.0;;PHP-разработчик (Middle)
82;30 к2;59.931959;30.420666;Новочеркасская;Заневский проспект;Санкт-Петербург;СофтБаланс;https://api.hh.ru/employers/343;https://hh.ru/vacancy/25343275;RUR;70000.0;120000.0;PHP разработчик (1C-Битрикс)
83;10к1;59.967529;30.288119;Чкаловская;Барочная улица;Санкт-Петербург;404 Group;https://api.hh.ru/employers/1085814;https://hh.ru/vacancy/28512591;RUR;100000.0;;Middle PHP developer
84;;;;;;Санкт-Петербург;СКИФ-Проект;https://api.hh.ru/employers/2000762;https://hh.ru/vacancy/28106586;RUR;50000.0;100000.0;Программист-разработчик парсеров
85;;;;;;Санкт-Петербург;Оджетто;https://api.hh.ru/employers/883362;https://hh.ru/vacancy/28460727;RUR;150000.0;230000.0;Senior magento developer
86;;;;Василеостровская;;Санкт-Петербург;НаПоправку.ру;https://api.hh.ru/employers/1433262;https://hh.ru/vacancy/28550861;RUR;200000.0;250000.0;Team Lead / CTO
87;15;60.0312248931;30.2918333472;Пионерская;Новоколомяжский проспект;Санкт-Петербург;Codeex;https://api.hh.ru/employers/2431367;https://hh.ru/vacancy/27665380;RUR;60000.0;100000.0;Backend разработчик
88;;;;;;Санкт-Петербург;FXPIG;https://api.hh.ru/employers/3672000;https://hh.ru/vacancy/28216974;EUR;2000.0;4000.0;Web Developer
89;;;;Петроградская;;Санкт-Петербург;B2Broker;https://api.hh.ru/employers/2234168;https://hh.ru/vacancy/28403055;RUR;80000.0;120000.0;Web-разработчик (1С-Битрикс)
90;;;;Чёрная речка;;Санкт-Петербург;Фотосклад.ру;https://api.hh.ru/employers/811315;https://hh.ru/vacancy/28057423;RUR;100000.0;125000.0;Старший Frontend-разработчик
91;;;;Лиговский проспект;;Санкт-Петербург;Фактура Медиа;https://api.hh.ru/employers/3458100;https://hh.ru/vacancy/28493607;RUR;60000.0;80000.0;PHP-программист
92;69-71;59.921033;30.343177;;улица Марата;Санкт-Петербург;ТЕК РАУНД СПБ;https://api.hh.ru/employers/1901449;https://hh.ru/vacancy/28226001;RUR;100000.0;200000.0;Программист c#, backend
93;12В;60.077265;30.35578;Парнас;6-й Верхний переулок;Санкт-Петербург;Петрович, Строительный Торговый Дом;https://api.hh.ru/employers/77364;https://hh.ru/vacancy/28201375;RUR;90000.0;140000.0;Backend-программист /PHP-программист
94;8;59.945333;30.341192;;Соляной переулок;Санкт-Петербург;iLocked реальные квесты;https://api.hh.ru/employers/1570081;https://hh.ru/vacancy/28074657;RUR;70000.0;100000.0;Front-end разработчик
95;8;59.945333;30.341192;;Соляной переулок;Санкт-Петербург;iLocked реальные квесты;https://api.hh.ru/employers/1570081;https://hh.ru/vacancy/28074657;RUR;70000.0;100000.0;Front-end разработчик
96;71к2литА;59.933663;30.439;Ладожская;Заневский проспект;Санкт-Петербург;Internet Media Gid;https://api.hh.ru/employers/2716772;https://hh.ru/vacancy/28079848;RUR;80000.0;130000.0;Стремительный PHP разработчик
97;;;;;;Санкт-Петербург;БелВиДжи;https://api.hh.ru/employers/1971568;https://career.ru/vacancy/28469267;RUR;105000.0;160000.0;Ведущий Программист PHP ( Senior PHP Developer)
98;25Н;59.961233;30.280187;Чкаловская;улица Красного Курсанта;Санкт-Петербург;Gemark;https://api.hh.ru/employers/3398414;https://hh.ru/vacancy/28241421;RUR;80000.0;110000.0;IOS middle/middle+ developer
99;;;;;;Санкт-Петербург;Crossover;https://api.hh.ru/employers/1482197;https://hh.ru/vacancy/28516805;USD;8000.0;8300.0;JavaScript Chief Software Architect
100;35;56.307132;43.997955;Горьковская;улица Тимирязева;Санкт-Петербург;Таймбук;https://api.hh.ru/employers/1334941;https://hh.ru/vacancy/28087706;RUR;;120000.0;Frontend Developer
101;25Н;59.961233;30.280187;Чкаловская;улица Красного Курсанта;Санкт-Петербург;Gemark;https://api.hh.ru/employers/3398414;https://hh.ru/vacancy/28241527;RUR;80000.0;110000.0;Android middle/middle+ developer
102;83к3;59.985034;30.250165;Старая Деревня;улица Савушкина;Санкт-Петербург;Октопод г. Санкт-Петербург;https://api.hh.ru/employers/1222870;https://hh.ru/vacancy/28482960;RUR;80000.0;150000.0;Fullstack/PHP Web разработчик
103;83к3;59.985034;30.250165;Старая Деревня;улица Савушкина;Санкт-Петербург;Октопод г. Санкт-Петербург;https://api.hh.ru/employers/1222870;https://hh.ru/vacancy/28482960;RUR;80000.0;150000.0;Fullstack/PHP Web разработчик
104;;;;;;Санкт-Петербург;Crossover;https://api.hh.ru/employers/1482197;https://hh.ru/vacancy/28513361;USD;4800.0;5000.0;Java Software Architect
105;108Р;59.932491;30.358125;Площадь Восстания;Невский проспект;Санкт-Петербург;Mygento eCommerce Solutions;https://api.hh.ru/employers/1643357;https://hh.ru/vacancy/28012794;RUR;55000.0;80000.0;Web-разработчик
106;;;;Петроградская;;Санкт-Петербург;B2Broker;https://api.hh.ru/employers/2234168;https://hh.ru/vacancy/28222853;RUR;100000.0;180000.0;Ведущий Front-end разработчик
107;метро Адмиралтейская;59.935985;30.315078;;5 линия;Санкт-Петербург;Цифрал-Сервис, группа компаний;https://api.hh.ru/employers/39601;https://hh.ru/vacancy/28150295;RUR;50000.0;90000.0;Web-программист
108;;;;;;Санкт-Петербург;Crossover;https://api.hh.ru/employers/1482197;https://hh.ru/vacancy/28516234;USD;2200.0;2500.0;C++ Software Engineer
109;;;;;;Санкт-Петербург;Crossover;https://api.hh.ru/employers/1482197;https://hh.ru/vacancy/28513200;USD;2300.0;2500.0;Java Software Engineer
110;;;;;;Санкт-Петербург;HR-PROFI;https://api.hh.ru/employers/1883675;https://hh.ru/vacancy/28474800;RUR;150000.0;;Full Stack Разработчик
111;;;;;;Санкт-Петербург;HR-PROFI;https://api.hh.ru/employers/1883675;https://hh.ru/vacancy/28474800;RUR;150000.0;;Full Stack Разработчик
112;18;59.934231;30.31029;Адмиралтейская;Малая Морская улица;Санкт-Петербург;Рекон Групп;https://api.hh.ru/employers/1707144;https://hh.ru/vacancy/26967815;RUR;150000.0;300000.0;Senior JS Developer
113;;;;;;Санкт-Петербург;Crossover;https://api.hh.ru/employers/1482197;https://hh.ru/vacancy/28513575;USD;8000.0;8300.0;Java Software Engineering Manager
114;39;59.9273831826;30.3832067116;Площадь Александра Невского 1;Херсонская улица;Санкт-Петербург;ВИТ;https://api.hh.ru/employers/174438;https://hh.ru/vacancy/28535070;RUR;120000.0;;Главный программист Oracle
115;;;;;;Санкт-Петербург;Crossover;https://api.hh.ru/employers/1482197;https://hh.ru/vacancy/28513053;USD;8200.0;8300.0;C# (.NET) Software Architect
116;136;59.908642;30.283277;Балтийская;набережная Обводного канала;Санкт-Петербург;Лаборатория Цифрового Зрения;https://api.hh.ru/employers/2412748;https://hh.ru/vacancy/28498174;RUR;130000.0;;Ведущий разработчик PHP
117;;59.932464;30.349169;;Невский проспект;Санкт-Петербург;Evro-plus;https://api.hh.ru/employers/2631010;https://hh.ru/vacancy/28546794;USD;800.0;1500.0;Web-разработчик laravel kohana
118;метро Адмиралтейская;59.935985;30.315078;;5 линия;Санкт-Петербург;Цифрал-Сервис, группа компаний;https://api.hh.ru/employers/39601;https://hh.ru/vacancy/28151521;RUR;70000.0;90000.0;Backend Разработчик (Node.JS)
119;;;;;;Санкт-Петербург;Crossover;https://api.hh.ru/employers/1482197;https://hh.ru/vacancy/28513516;USD;2400.0;2500.0;C# (.NET) Software Engineer
120;;;;;;Санкт-Петербург;Туроператор Цянькунь;https://api.hh.ru/employers/2352739;https://hh.ru/vacancy/28447607;RUR;40000.0;80000.0;PHP-программист
121;;;;;;Санкт-Петербург;Туроператор Цянькунь;https://api.hh.ru/employers/2352739;https://hh.ru/vacancy/28447607;RUR;40000.0;80000.0;PHP-программист
122;104;59.931882;30.356589;;Невский проспект;Санкт-Петербург;«ЦРПТ» (Центр Развития Перспективных Технологий);https://api.hh.ru/employers/3156389;https://hh.ru/vacancy/27760871;RUR;120000.0;;PHP developer
123;;;;;;Санкт-Петербург;Taxify;https://api.hh.ru/employers/2488261;https://hh.ru/vacancy/28121941;EUR;4200.0;;Node.js Senior Developer (Tallinn, Estonia)
124;21А;59.966015;30.338327;Выборгская;Пироговская наб.;Санкт-Петербург;Cbonds.ru;https://api.hh.ru/employers/3152;https://hh.ru/vacancy/27958205;RUR;65000.0;;Системный администратор
125;;;;;;Санкт-Петербург;Банк горящих туров, Туристическое агентство;https://api.hh.ru/employers/819799;https://hh.ru/vacancy/28471694;RUR;;150000.0;Senior PHP Developer
126;105;59.890871;30.318707;Московские ворота;Московский проспект;Санкт-Петербург;АпТрейдер (UpTrader);https://api.hh.ru/employers/2365329;https://hh.ru/vacancy/28498358;RUR;120000.0;200000.0;PHP-разработчик / back-end developer
127;36;59.949122;30.358529;Чернышевская;Шпалерная улица;Санкт-Петербург;Сетевые Решения;https://api.hh.ru/employers/654400;https://hh.ru/vacancy/28523953;RUR;70000.0;90000.0;Web-программист
128;;;;;;Санкт-Петербург;HR-PROFI;https://api.hh.ru/employers/1883675;https://hh.ru/vacancy/28430902;RUR;70000.0;;Web-программист PHP
129;;;;;;Санкт-Петербург;Кривцов Артур Владимирович;https://api.hh.ru/employers/2959865;https://hh.ru/vacancy/28465049;RUR;70000.0;90000.0;PHP-разработчик
130;18;59.934231;30.31029;Адмиралтейская;Малая Морская улица;Санкт-Петербург;Рекон Групп;https://api.hh.ru/employers/1707144;https://hh.ru/vacancy/27661526;RUR;;100000.0;Junior JS Developer
131;;59.960985;30.292099;Чкаловская;5 линия;Санкт-Петербург;Playneta;https://api.hh.ru/employers/2643069;https://hh.ru/vacancy/28513808;RUR;100000.0;150000.0;Full-stack developer
132;18;59.934231;30.31029;Адмиралтейская;Малая Морская улица;Санкт-Петербург;Рекон Групп;https://api.hh.ru/employers/1707144;https://hh.ru/vacancy/27661452;RUR;100000.0;160000.0;Middle JS Developer
133;17к2;59.986776;30.32115;Чёрная речка;Белоостровская улица;Санкт-Петербург;Смарт Лайн;https://api.hh.ru/employers/1528668;https://hh.ru/vacancy/26635579;RUR;90000.0;140000.0;PHP-программист
134;;;;;;Санкт-Петербург;ОБИТ;https://api.hh.ru/employers/53676;https://hh.ru/vacancy/22875988;RUR;90000.0;;Веб-программист
135;22к2;59.888591;30.327672;Московские ворота;Заставская улица;Санкт-Петербург;SEMrush;https://api.hh.ru/employers/789662;https://hh.ru/vacancy/26877232;RUR;120000.0;200000.0;Senior Go Developer (Core team)
136;;59.8862345809;30.3309747577;;;Санкт-Петербург;Правовед.RU;https://api.hh.ru/employers/788349;https://hh.ru/vacancy/28444204;RUR;110000.0;;Senior PHP developer
137;25Ж;59.960269;30.279783;;улица Красного Курсанта;Санкт-Петербург;СевенТест, НТЦ;https://api.hh.ru/employers/887195;https://hh.ru/vacancy/28472492;RUR;;80000.0;Старший фронтенд (frontend) разработчик, программист (JS, PHP, web)
138;6к8;59.884302;30.38935;;Софийская улица;Санкт-Петербург;Альтавина-Нева;https://api.hh.ru/employers/809483;https://hh.ru/vacancy/28388631;RUR;80000.0;;Разработчик Bitrix
139;;;;;;Санкт-Петербург;ЖУЙЭРСЫ;https://api.hh.ru/employers/2748683;https://hh.ru/vacancy/27677839;USD;1000.0;4000.0;Ведущий инженер по обнаружению уязвимости
140;33к1;59.916144;30.49227;;улица Подвойского;Санкт-Петербург;Формэ;https://api.hh.ru/employers/1112187;https://hh.ru/vacancy/28405597;RUR;70000.0;;Программист PHP
141;метро Адмиралтейская;59.935985;30.315078;;5 линия;Санкт-Петербург;Цифрал-Сервис, группа компаний;https://api.hh.ru/employers/39601;https://hh.ru/vacancy/28149966;RUR;60000.0;80000.0;Web Developer / PHP Разработчик
142;266;59.893349;30.327402;Московские ворота;Лиговский проспект;Санкт-Петербург;АКМЭ сервис;https://api.hh.ru/employers/157761;https://hh.ru/vacancy/28535912;RUR;;100000.0;Java developer
143;;;;;;Санкт-Петербург;ГрузовичкоФ;https://api.hh.ru/employers/676363;https://hh.ru/vacancy/27730448;RUR;120000.0;;Back-end разработчик
144;;;;;;Санкт-Петербург;АКМЭ сервис;https://api.hh.ru/employers/157761;https://hh.ru/vacancy/28320030;RUR;;200000.0;Senior Frontend Developer
145;;;;;;Санкт-Петербург;Маремьянин Иван Владимирович;https://api.hh.ru/employers/3162968;https://hh.ru/vacancy/28564316;USD;2000.0;;Инженер службы технической поддержки, сфера VoIP
146;3Б;59.930787;30.436817;Ладожская;проспект Энергетиков;Санкт-Петербург;Сити лайф;https://api.hh.ru/employers/1949789;https://hh.ru/vacancy/27731050;RUR;100000.0;150000.0;PHP - web - разработчик
147;;;;;;Санкт-Петербург;HR-PROFI;https://api.hh.ru/employers/1883675;https://hh.ru/vacancy/27886616;RUR;80000.0;;PHP-программист
148;;;;;;Санкт-Петербург;Crossover;https://api.hh.ru/employers/1482197;https://hh.ru/vacancy/28514415;USD;16000.0;16600.0;VP of Technical Product Management
149;23Д;59.97233;30.311403;Петроградская;улица Профессора Попова;Санкт-Петербург;Click;https://api.hh.ru/employers/2053040;https://hh.ru/vacancy/28448676;RUR;80000.0;120000.0;Middle Backend developer / Бэкэнд разработчик
150;13;59.966273;30.374923;Площадь Ленина;Минеральная;Санкт-Петербург;Буквоед;https://api.hh.ru/employers/7475;https://hh.ru/vacancy/26616145;RUR;70000.0;;Web-разработчик
151;;59.960985;30.292099;Чкаловская;5 линия;Санкт-Петербург;Playneta;https://api.hh.ru/employers/2643069;https://hh.ru/vacancy/28513788;RUR;150000.0;;Senior Frontend developer
152;;59.960985;30.292099;Чкаловская;5 линия;Санкт-Петербург;Playneta;https://api.hh.ru/employers/2643069;https://hh.ru/vacancy/28513734;RUR;150000.0;;Senior backend developer
153;16;59.887033;30.333044;Московские ворота;Цветочная улица;Санкт-Петербург;ДАКАР, группа компаний;https://api.hh.ru/employers/312311;https://hh.ru/vacancy/28334084;RUR;100000.0;100000.0;Bitrix-разработчик
154;266;59.893349;30.327402;Московские ворота;Лиговский проспект;Санкт-Петербург;АКМЭ сервис;https://api.hh.ru/employers/157761;https://hh.ru/vacancy/27923255;RUR;;200000.0;Senior Frontend Developer
155;;;;;;Санкт-Петербург;Tophunt;https://api.hh.ru/employers/3201920;https://hh.ru/vacancy/28276431;RUR;;100000.0;PHP backend-разработчик
156;;;;;;Санкт-Петербург;SMART HR;https://api.hh.ru/employers/2389305;https://hh.ru/vacancy/27332039;RUR;;230000.0;Java Team Lead
157;;;;;;Санкт-Петербург;АКМЭ сервис;https://api.hh.ru/employers/157761;https://hh.ru/vacancy/28077998;RUR;130000.0;;Frontend Developer
158;2;59.980709;30.324276;Петроградская;Кантемировская;Санкт-Петербург;ALM Works;https://api.hh.ru/employers/542183;https://hh.ru/vacancy/28375928;RUR;110000.0;;Системный администратор
159;;;;;;Санкт-Петербург;CTM;https://api.hh.ru/employers/607605;https://hh.ru/vacancy/28505396;RUR;60000.0;150000.0;Backend developer / Бекенд разработчик
160;;;;;;Санкт-Петербург;АКМЭ сервис;https://api.hh.ru/employers/157761;https://hh.ru/vacancy/27288928;RUR;100000.0;;JS developer (react)
161;1;59.89663;30.316434;Московские ворота;Малая Митрофаньевская улица;Санкт-Петербург;Тензор;https://api.hh.ru/employers/67611;https://hh.ru/vacancy/26723136;RUR;75000.0;120000.0;Python-developer
162;;;;;;Санкт-Петербург;AdMe;https://api.hh.ru/employers/2120460;https://hh.ru/vacancy/28333743;EUR;3500.0;5500.0;Senior PHP-Developer (с релокацией или без)
163;1к2;59.850305;30.300615;;площадь Конституции;Санкт-Петербург;Переводческая компания ТРАНСТЕХ;https://api.hh.ru/employers/661182;https://hh.ru/vacancy/28273222;RUR;100000.0;150000.0;Ведущий системный администратор
164;;;;;;Санкт-Петербург;АКМЭ сервис;https://api.hh.ru/employers/157761;https://hh.ru/vacancy/27675382;RUR;130000.0;;Javascript developer
165;61;59.980537;30.323082;Лесная;Выборгская наб.;Санкт-Петербург;Телфин, телекоммуникационная компания;https://api.hh.ru/employers/38534;https://hh.ru/vacancy/28474088;RUR;70000.0;;Ведущий разработчик/специалист VoIP
166;126Б;59.985926;30.202743;Беговая;улица Савушкина;Санкт-Петербург;Devim;https://api.hh.ru/employers/2097195;https://career.ru/vacancy/28300731;RUR;80000.0;130000.0;Senior PHP-Developer
167;22к2;59.888591;30.327672;Московские ворота;Заставская улица;Санкт-Петербург;SEMrush;https://api.hh.ru/employers/789662;https://hh.ru/vacancy/26554881;RUR;90000.0;160000.0;QA Engineer (CORE TEAM)
168;22к2;59.888591;30.327672;Московские ворота;Заставская улица;Санкт-Петербург;SEMrush;https://api.hh.ru/employers/789662;https://hh.ru/vacancy/26554740;RUR;90000.0;160000.0;QA Engineer (Core Team)
169;22к2;59.888591;30.327672;Московские ворота;Заставская улица;Санкт-Петербург;SEMrush;https://api.hh.ru/employers/789662;https://hh.ru/vacancy/26554740;RUR;90000.0;160000.0;QA Engineer (Core Team)
170;;34.6863047708;33.0337727474;;;Санкт-Петербург;Wisebits;https://api.hh.ru/employers/1689648;https://hh.ru/vacancy/28462329;EUR;3200.0;;PHP разработчик (Лимасол, Кипр)
171;50к13;59.923477;30.362176;;Лиговский проспект;Санкт-Петербург;Новые Клиенты;https://api.hh.ru/employers/2916698;https://hh.ru/vacancy/28186096;RUR;40000.0;90000.0;Руководитель отдела маркетинга и рекламы
172;30 к2;59.931959;30.420666;Новочеркасская;Заневский проспект;Санкт-Петербург;СофтБаланс;https://api.hh.ru/employers/343;https://hh.ru/vacancy/27775299;RUR;70000.0;;Разработчик Битрикс24
173;25Ж;59.960269;30.279783;;улица Красного Курсанта;Санкт-Петербург;СевенТест, НТЦ;https://api.hh.ru/employers/887195;https://hh.ru/vacancy/28431409;RUR;30000.0;150000.0;Инженер-программист PHP
174;224А;60.07652;30.266344;Проспект Просвещения;Выборгское шоссе;Санкт-Петербург;Северо-Запад, фармацевтический холдинг;https://api.hh.ru/employers/167989;https://hh.ru/vacancy/28523321;RUR;90000.0;;Системный администратор отдела разработки ИТ-инфраструктуры
175;23Д;59.97233;30.311403;Петроградская;улица Профессора Попова;Санкт-Петербург;Click;https://api.hh.ru/employers/2053040;https://hh.ru/vacancy/28073674;RUR;100000.0;140000.0;DevOPS разработчик
176;;;;;;Санкт-Петербург;ГрузовичкоФ;https://api.hh.ru/employers/676363;https://hh.ru/vacancy/25528227;RUR;120000.0;;Бэк-энд разработчик
177;36;59.963886;30.334095;Выборгская;Петроградская набережная;Санкт-Петербург;Простое решение;https://api.hh.ru/employers/3121328;https://hh.ru/vacancy/28463222;RUR;;130000.0;DevOps specialist
178;6А;59.984962;30.32813;Лесная;Белоостровская улица;Санкт-Петербург;404 Group;https://api.hh.ru/employers/1085814;https://hh.ru/vacancy/28512651;RUR;80000.0;;Middle QA engineer / QA Automation engineer
179;;;;;;Санкт-Петербург;TopAssistant;https://api.hh.ru/employers/2066667;https://hh.ru/vacancy/28406831;RUR;180000.0;200000.0;Senior Backend PHP (Go) developer
180;50;59.923698;30.350992;Владимирская;улица Марата;Санкт-Петербург;WebMasters Russia;https://api.hh.ru/employers/1035551;https://hh.ru/vacancy/27380543;RUR;100000.0;;Senior developer (PHP)
181;39;59.942804;30.364233;Чернышевская;Радищева;Санкт-Петербург;Смарт Телеком;https://api.hh.ru/employers/227613;https://hh.ru/vacancy/27072832;RUR;67800.0;;Сетевой инженер + Системный администратор *nix
182;39;59.942804;30.364233;Чернышевская;Радищева;Санкт-Петербург;Смарт Телеком;https://api.hh.ru/employers/227613;https://hh.ru/vacancy/27072832;RUR;67800.0;;Сетевой инженер + Системный администратор *nix
183;266;59.893349;30.327402;Московские ворота;Лиговский проспект;Санкт-Петербург;АКМЭ сервис;https://api.hh.ru/employers/157761;https://hh.ru/vacancy/28048521;RUR;150000.0;;Frontend Developer (React)
184;9;59.951452;30.302878;Спортивная;улица Блохина;Санкт-Петербург;Аксон;https://api.hh.ru/employers/3408200;https://hh.ru/vacancy/28483202;RUR;;150000.0;Middle backend developer
185;5 А;59.963043;30.320485;Петроградская;Рентгена;Санкт-Петербург;First Line Software;https://api.hh.ru/employers/638130;https://hh.ru/vacancy/28492141;RUR;80000.0;140000.0;1C Битрикс-разработчик
186;5 А;59.963043;30.320485;Петроградская;Рентгена;Санкт-Петербург;First Line Software;https://api.hh.ru/employers/638130;https://hh.ru/vacancy/28493230;RUR;80000.0;140000.0;Битрикс24 разработчик
187;87;59.924167;30.356229;;Лиговский проспект;Санкт-Петербург;TopDigital;https://api.hh.ru/employers/1388543;https://hh.ru/vacancy/28475515;RUR;80000.0;120000.0;Frontend Vue.js разработчик
188;19;59.887137;30.329136;Московские ворота;Московский район, Цветочная улица;Санкт-Петербург;Selectel;https://api.hh.ru/employers/633069;https://hh.ru/vacancy/27910129;RUR;110000.0;;Разработчик Python (Senior)
189;;;;;;Санкт-Петербург;Интернет Университет;https://api.hh.ru/employers/914568;https://hh.ru/vacancy/26887402;RUR;60000.0;100000.0;Web-разработчик FrontEnd\BackEnd
190;3;59.96884;30.315284;Петроградская;проспект Медиков;Санкт-Петербург;ЭМ ЭС ГРУПП;https://api.hh.ru/employers/2005354;https://hh.ru/vacancy/28432371;RUR;60000.0;120000.0;Web-программист
191;17;59.931648;30.368096;Маяковская;2-я Советская улица;Санкт-Петербург;GLAMY;https://api.hh.ru/employers/2964643;https://hh.ru/vacancy/24903467;RUR;120000.0;;Back-end developer
192;19;59.887137;30.329136;Московские ворота;Московский район, Цветочная улица;Санкт-Петербург;Selectel;https://api.hh.ru/employers/633069;https://hh.ru/vacancy/27727970;RUR;90000.0;;Разработчик Python
193;9;59.88999;30.324564;;улица Коли Томчака;Санкт-Петербург;АО ЗАСЛОН;https://api.hh.ru/employers/119069;https://hh.ru/vacancy/28325000;RUR;90000.0;;Программист Битрикс24
194;126Б;59.985926;30.202743;Беговая;улица Савушкина;Санкт-Петербург;Devim;https://api.hh.ru/employers/2097195;https://hh.ru/vacancy/28494227;RUR;100000.0;;Cистемный администратор Linux
195;3Б;59.930787;30.436817;Ладожская;проспект Энергетиков;Санкт-Петербург;Сити лайф;https://api.hh.ru/employers/1949789;https://hh.ru/vacancy/27564981;RUR;120000.0;180000.0;JavaScript React/web/ mobile - разработчик
196;7;59.965273;30.314979;Петроградская;Петроградский район, улица Льва Толстого;Санкт-Петербург;DDG;https://api.hh.ru/employers/1731584;https://hh.ru/vacancy/27905170;RUR;110000.0;;Frontend-разработчик
197;;;;;;Санкт-Петербург;ЭС-АЙ Безопасность;https://api.hh.ru/employers/3471807;https://hh.ru/vacancy/28428040;RUR;75000.0;;Frontend-разработчик
198;;;;;;Санкт-Петербург;CTM;https://api.hh.ru/employers/607605;https://hh.ru/vacancy/28404425;RUR;60000.0;120000.0;Javascript разработчик / Frontend (JS) разработчик
199;60У;59.973861;30.336547;Выборгская;Большой Сампсониевский проспект;Санкт-Петербург;АlkoDesign, веб-студия;https://api.hh.ru/employers/117646;https://hh.ru/vacancy/28192711;RUR;50000.0;100000.0;BITRIX-разработчик
200;;59.941425;30.248045;Василеостровская;Василеостровский район;Санкт-Петербург;Деньга;https://api.hh.ru/employers/739977;https://hh.ru/vacancy/26840980;RUR;;200000.0;Senior Java Developer
201;;;;Московские ворота;;Санкт-Петербург;АКМЭ сервис;https://api.hh.ru/employers/157761;https://hh.ru/vacancy/27734970;RUR;120000.0;150000.0;IOS разработчик
202;;;;;;Санкт-Петербург;РУСПЛАСТ;https://api.hh.ru/employers/1415563;https://hh.ru/vacancy/28051011;RUR;90000.0;;Веб-программист
203;;;;Беговая;;Санкт-Петербург;Devim;https://api.hh.ru/employers/2097195;https://hh.ru/vacancy/25447985;RUR;120000.0;;DevOps Engineer
204;6к8;59.884302;30.38935;Бухарестская;Софийская улица;Санкт-Петербург;Клевер Солюшнс;https://api.hh.ru/employers/2160858;https://hh.ru/vacancy/28396986;RUR;30000.0;130000.0;Разработчик BI (QlikView, Qlik Sense)
